{
  "schemaVersion": 1,
  "id": "gate_of_babylon_additions",
  "version": "1.0.0",
  "name": "Gate of Babylon Additions",
  "authors": [
    "Xia_Xin"
  ],
  "contact": {
    "homepage": "https://center.mcmod.cn/91492/",
    "sources": ""
  },
  "license": "MIT License",
  "icon": "assets/gate_of_babylon_additions/icon.png",
  "environment": "*",
  "entrypoints": {
    "main": [
      "net.xiaxin.goba.GateOfBabylonAdditionsMod"
    ],
    "client": [
      "net.xiaxin.goba.ClientInit"
    ]
  },
  "depends": {
    "fabricloader": ">=0.12.12",
    "fabric": "*",
    "minecraft": "1.17.x",
    "java": ">=16"
  },
  "accessWidener": "modid.accesswidener"
}