{
  "_fv": 28,
  "_type": "tool",
  "definition": {
    "renderType": 0,
    "texture": "gobber_katana_nether",
    "customModelName": "Normal",
    "name": "Gobber Katana Nether",
    "specialInfo": [],
    "creativeTab": {
      "value": "CUSTOM:GateofBabylonAdditions"
    },
    "toolType": "Sword",
    "harvestLevel": 1,
    "efficiency": 4.0,
    "attackSpeed": 2.0,
    "enchantability": 2,
    "damageVsEntity": 14.0,
    "usageCount": 5200,
    "blocksAffected": [],
    "hasGlow": false,
    "repairItems": [],
    "immuneToFire": false,
    "stayInGridWhenCrafting": false,
    "damageOnCrafting": false
  }
}