{
  "_fv": 28,
  "_type": "tool",
  "definition": {
    "renderType": 0,
    "texture": "gobber_dagger_end",
    "customModelName": "Normal",
    "name": "Gobber Dagger End",
    "specialInfo": [],
    "creativeTab": {
      "value": "TOOLS"
    },
    "toolType": "Pickaxe",
    "harvestLevel": 1,
    "efficiency": 4.0,
    "attackSpeed": 2.4,
    "enchantability": 2,
    "damageVsEntity": 14.0,
    "usageCount": 8000,
    "blocksAffected": [],
    "hasGlow": false,
    "repairItems": [],
    "immuneToFire": false,
    "stayInGridWhenCrafting": false,
    "damageOnCrafting": false
  }
}