{
  "_fv": 28,
  "_type": "tool",
  "definition": {
    "renderType": 0,
    "texture": "terra_haladie",
    "customModelName": "Normal",
    "name": "Terra Haladie",
    "specialInfo": [],
    "creativeTab": {
      "value": "CUSTOM:GateofBabylonAdditions"
    },
    "toolType": "Sword",
    "harvestLevel": 1,
    "efficiency": 4.0,
    "attackSpeed": 1.0,
    "enchantability": 2,
    "damageVsEntity": 5.0,
    "usageCount": 16000,
    "blocksAffected": [],
    "hasGlow": false,
    "repairItems": [],
    "immuneToFire": false,
    "stayInGridWhenCrafting": false,
    "damageOnCrafting": false
  }
}